task,rank,peptide_variant,coefficient,class0_label,class1_label,class0_n,class1_n,class0_missing_rate,class1_missing_rate,class0_detection_rate,class1_detection_rate,missingness_diff_class1_minus_class0,missingness_flag,status
healthy_vs_infected,1,"K.[304.207]SLHTLFGD(K,332.213)L(C,57.021)TVA.T",0.44,Healthy,Infected,22,68,0.0,0.0,1.0,1.0,0.0,acceptable,ok
healthy_vs_infected,2,"K.[304.207](C,57.021)(C,57.021)AAADPHE.C",0.4,Healthy,Infected,22,68,0.045454545454545456,0.0,0.9545454545454546,1.0,-0.045454545454545456,acceptable,ok
healthy_vs_infected,3,"D.[304.207](K,203.075)SLHTLFGD(K,304.207).L",0.4,Healthy,Infected,22,68,0.0,0.0,1.0,1.0,0.0,acceptable,ok
healthy_vs_infected,4,"K.[304.207]L(K,331.18)E(C,57.021)(C,57.021)E(K,304.207)PLLE(K,304.207).S",0.29,Healthy,Infected,22,68,0.0,0.0,1.0,1.0,0.0,acceptable,ok
healthy_vs_infected,5,"K.[304.207]ADSVVDLLSYNV(Q,303.212)GSGETTYDH(K,304.207).N",0.26,Healthy,Infected,22,68,0.0,0.0,1.0,1.0,0.0,acceptable,ok
healthy_vs_infected,6,"S.[304.207]IGYADSV(K,304.207).G",0.26,Healthy,Infected,22,68,0.0,0.0,1.0,1.0,0.0,acceptable,ok
healthy_vs_infected,7,"R.[304.207]TLADLTLLDSPI(K,304.207).V",0.24,Healthy,Infected,22,68,0.0,0.0,1.0,1.0,0.0,acceptable,ok
healthy_vs_infected,8,"K.[304.207](K,376.233)VPQVSTPTLVEVSR.N",0.22,Healthy,Infected,22,68,0.0,0.0,1.0,1.0,0.0,acceptable,ok
healthy_vs_infected,9,"S.[236.123]LHTLFGD(K,304.207).L",0.2,Healthy,Infected,22,68,0.045454545454545456,0.0,0.9545454545454546,1.0,-0.045454545454545456,acceptable,ok
healthy_vs_infected,10,"F.[304.207](K,291.14)DLGEENF(K,304.207).A",0.19,Healthy,Infected,22,68,0.0,0.0,1.0,1.0,0.0,acceptable,ok
symptomatic_non_covid_vs_covid,1,"K.[304.207](C,85.056)(C,57.021)TESLVNR.R",0.69,Symptomatic-non-COVID-19,COVID-19,25,43,0.0,0.0,1.0,1.0,0.0,acceptable,ok
symptomatic_non_covid_vs_covid,2,"K.[304.207]QTALVELV(K,229.166).H",0.68,Symptomatic-non-COVID-19,COVID-19,25,43,0.0,0.0,1.0,1.0,0.0,acceptable,ok
symptomatic_non_covid_vs_covid,3,"K.[229.166]AEFAEVS(K,304.207).L",0.48,Symptomatic-non-COVID-19,COVID-19,25,43,0.0,0.0,1.0,1.0,0.0,acceptable,ok
symptomatic_non_covid_vs_covid,4,"R.{291.173}[304.207]ILGGHLDA(K,304.207).G",0.37,Symptomatic-non-COVID-19,COVID-19,25,43,0.0,0.0,1.0,1.0,0.0,acceptable,ok
symptomatic_non_covid_vs_covid,5,"K.[304.207]SLHTLFGD(K,332.213)L(C,57.021)TVA.T",0.36,Symptomatic-non-COVID-19,COVID-19,25,43,0.0,0.0,1.0,1.0,0.0,acceptable,ok
symptomatic_non_covid_vs_covid,6,"K.[304.207]LVD(K,304.207)FLED(V,272.169)(K,304.207).K",0.3,Symptomatic-non-COVID-19,COVID-19,25,43,0.24,0.23255813953488372,0.76,0.7674418604651163,-0.007441860465116273,acceptable,ok
symptomatic_non_covid_vs_covid,7,"R.[304.207](F,-57.06)(K,304.207)DLGEENF(K,304.207).A",0.24,Symptomatic-non-COVID-19,COVID-19,25,43,0.0,0.046511627906976744,1.0,0.9534883720930233,0.046511627906976744,acceptable,ok
symptomatic_non_covid_vs_covid,8,"K.[304.207]AEFAEV(S,31.006)(K,304.207).L",0.24,Symptomatic-non-COVID-19,COVID-19,25,43,0.12,0.11627906976744186,0.88,0.8837209302325582,-0.0037209302325581367,acceptable,ok
symptomatic_non_covid_vs_covid,9,"K.[304.207](C,57.021)(C,57.021)AAADPHE.C",0.2,Symptomatic-non-COVID-19,COVID-19,25,43,0.0,0.0,1.0,1.0,0.0,acceptable,ok
symptomatic_non_covid_vs_covid,10,"K.[304.207]GTV(N,49.023)LTWSRA.S",0.19,Symptomatic-non-COVID-19,COVID-19,25,43,0.36,0.3488372093023256,0.64,0.6511627906976745,-0.011162790697674396,acceptable,ok
severe_vs_nonsevere,1,"R.[304.207]EANYIG(S,304.212)D(K,304.207)YFHAR.G",0.14,Non-severe-COVID-19,Severe-COVID-19,25,18,0.0,0.0,1.0,1.0,0.0,acceptable,ok
severe_vs_nonsevere,2,"R.{290.173}[304.207]EGT(C,57.021)PEAPTDE(C,57.021)(K,304.207)PV(K,304.207).W",0.12,Non-severe-COVID-19,Severe-COVID-19,25,18,0.0,0.0,1.0,1.0,0.0,acceptable,ok
severe_vs_nonsevere,3,"R.[304.207]GDAV(C,57.021)TESG(W,31.997)RPLPS(C,57.021)EE(K,304.207).S",0.09,Non-severe-COVID-19,Severe-COVID-19,25,18,0.0,0.0,1.0,1.0,0.0,acceptable,ok
severe_vs_nonsevere,4,"K.[304.207](T,-13.036)(C,57.021)VADESAEN(C,57.021)D(K,304.207).S",0.07,Non-severe-COVID-19,Severe-COVID-19,25,18,0.0,0.0,1.0,1.0,0.0,acceptable,ok
severe_vs_nonsevere,5,"K.[304.207](V,290.171)DNALQSGNSQESVTEQDS(K,304.207).D",0.07,Non-severe-COVID-19,Severe-COVID-19,25,18,0.0,0.0,1.0,1.0,0.0,acceptable,ok
severe_vs_nonsevere,6,"R.[304.207](F,-13.032)(K,304.207)DLGEENF(K,304.207).A",0.07,Non-severe-COVID-19,Severe-COVID-19,25,18,0.0,0.0,1.0,1.0,0.0,acceptable,ok
severe_vs_nonsevere,7,"N.[186.070]E(C,57.021)FLQH(K,304.207)DDNPNLPR.L",0.06,Non-severe-COVID-19,Severe-COVID-19,25,18,0.0,0.0,1.0,1.0,0.0,acceptable,ok
severe_vs_nonsevere,8,R.[304.207]GPGGAWAAEVISNAR.E,0.06,Non-severe-COVID-19,Severe-COVID-19,25,18,0.0,0.0,1.0,1.0,0.0,acceptable,ok
severe_vs_nonsevere,9,"R.[304.207]SG(K,304.207)DPNHFRPAGLPE(K,304.207).Y",0.05,Non-severe-COVID-19,Severe-COVID-19,25,18,0.12,0.1111111111111111,0.88,0.8888888888888888,-0.00888888888888889,acceptable,ok
severe_vs_nonsevere,10,K.[304.207]DLLLPQPDLR.Y,0.05,Non-severe-COVID-19,Severe-COVID-19,25,18,0.0,0.0,1.0,1.0,0.0,acceptable,ok
