task,top_rank,base_sequence,top_variant,top_is_modified,comparison_variant,comparison_type,n_same_sequence_variants,top_direction,top_t_test_p,top_mannwhitney_p,top_mean_diff,top_detection_rate,comparison_direction,comparison_t_test_p,comparison_mannwhitney_p,comparison_mean_diff,comparison_detection_rate,same_direction
healthy_vs_infected,1,KSLHTLFGDKLCTVAT,"K.[304.207]SLHTLFGD(K,332.213)L(C,57.021)TVA.T",True,"K.[304.207]SLHTLFGD(K,330.707)L(C,57.021)TVA.T",predominant_same_sequence_variant,6,higher_in_Healthy,2.3486445413897716e-09,1.0842528975916506e-10,-0.26228541814415685,1.0,higher_in_Healthy,2.6246974902986013e-05,4.1531429637784554e-10,-0.21148580177801313,1.0,True
healthy_vs_infected,2,KCCAAADPHEC,"K.[304.207](C,57.021)(C,57.021)AAADPHE.C",True,"K.[304.207](C,57.021)(C,57.021)AAADPHE.C",predominant_same_sequence_variant,3,higher_in_Healthy,0.0003783922066857004,9.565974031808327e-06,-0.5124330717759866,0.9888888888888889,higher_in_Healthy,0.0003783922066857004,9.565974031808327e-06,-0.5124330717759866,0.9888888888888889,True
healthy_vs_infected,3,DKSLHTLFGDKL,"D.[304.207](K,203.075)SLHTLFGD(K,304.207).L",True,"D.[304.207](K,292.58)SLHTLFGD(K,304.207).L",predominant_same_sequence_variant,10,higher_in_Healthy,0.00022430129044662795,2.9562135658509202e-08,-0.04511781058549902,1.0,higher_in_Infected,0.6067253380644958,0.6088731793363817,0.021686724606802238,1.0,False
healthy_vs_infected,4,KLKECCEKPLLEKS,"K.[304.207]L(K,331.18)E(C,57.021)(C,57.021)E(K,304.207)PLLE(K,304.207).S",True,"K.{14.997}[304.207]L(K,304.207)E(C,57.021)(C,57.021)E(K,304.207)PLLE(K,304.207).S",predominant_same_sequence_variant,31,higher_in_Healthy,0.00044101046939837166,5.082513070308845e-09,-0.10721399691037972,1.0,higher_in_Healthy,0.41922270463332983,0.41135655331629695,-0.03978126346347638,1.0,True
healthy_vs_infected,5,KADSVVDLLSYNVQGSGETTYDHKN,"K.[304.207]ADSVVDLLSYNV(Q,303.212)GSGETTYDH(K,304.207).N",True,"K.[304.207]ADSVVDLLSYNV(Q,303.212)GSGETTYDH(K,304.207).N",predominant_same_sequence_variant,2,higher_in_Infected,6.984882136778975e-11,1.1005095226925532e-07,0.25831672022208985,1.0,higher_in_Infected,6.984882136778975e-11,1.1005095226925532e-07,0.25831672022208985,1.0,True
healthy_vs_infected,6,SIGYADSVKG,"S.[304.207]IGYADSV(K,304.207).G",True,"S.[304.207]I(G,14.019)YADSV(K,304.207).G",predominant_same_sequence_variant,2,higher_in_Healthy,2.279782492039657e-05,1.0248636193868346e-06,-0.3171542608316673,1.0,higher_in_Infected,0.510931638586642,0.6220795459031732,0.04002691638200406,1.0,False
healthy_vs_infected,7,RTLADLTLLDSPIKV,"R.[304.207]TLADLTLLDSPI(K,304.207).V",True,"R.[304.207]TLADLTLLDSPI(K,304.207).V",predominant_same_sequence_variant,2,higher_in_Infected,2.150112669748519e-12,5.748888602481507e-07,0.27822563693747365,1.0,higher_in_Infected,2.150112669748519e-12,5.748888602481507e-07,0.27822563693747365,1.0,True
healthy_vs_infected,8,KKVPQVSTPTLVEVSRN,"K.[304.207](K,376.233)VPQVSTPTLVEVSR.N",True,"K.[304.207](K,304.207)VP(Q,0.984)VSTPTLVEVSR.N",predominant_same_sequence_variant,94,higher_in_Infected,1.3768356625073493e-13,2.288384713865805e-09,0.33817420234618845,1.0,higher_in_Healthy,0.632780575990898,0.40603159171828607,-0.02695099133062251,1.0,False
healthy_vs_infected,9,SLHTLFGDKL,"S.[236.123]LHTLFGD(K,304.207).L",True,"S.[202.061]LHTLFGD(K,304.207).L",predominant_same_sequence_variant,15,higher_in_Infected,4.20700615567459e-08,6.21269203608113e-08,1.5968026147429573,0.9888888888888889,higher_in_Healthy,0.27926353588632574,0.32653547170190367,-0.052193828337584736,1.0,False
healthy_vs_infected,10,FKDLGEENFKA,"F.[304.207](K,291.14)DLGEENF(K,304.207).A",True,"F.[304.207](K,309.127)DLGEENF(K,304.207).A",predominant_same_sequence_variant,29,higher_in_Healthy,2.611634073401091e-08,6.898622291061553e-08,-0.983939249849469,1.0,higher_in_Infected,0.7951309322279155,0.8547359634348799,0.015033719227174447,1.0,False
severe_vs_nonsevere,1,REANYIGSDKYFHARG,"R.[304.207]EANYIG(S,304.212)D(K,304.207)YFHAR.G",True,"R.[304.207]EANYIG(S,304.212)D(K,304.207)YFHAR.G",predominant_same_sequence_variant,4,higher_in_Severe-COVID-19,0.00012709118603616067,5.6953104450898914e-05,0.8587896513352353,1.0,higher_in_Severe-COVID-19,0.00012709118603616067,5.6953104450898914e-05,0.8587896513352353,1.0,True
severe_vs_nonsevere,2,REGTCPEAPTDECKPVKW,"R.{290.173}[304.207]EGT(C,57.021)PEAPTDE(C,57.021)(K,304.207)PV(K,304.207).W",True,"R.[304.207]EGT(C,57.021)PEAPTDE(C,57.021)(K,304.207)PV(K,304.207).W",predominant_same_sequence_variant,40,higher_in_Non-severe-COVID-19,2.5296354054479135e-06,4.150346804191123e-05,-0.5294349609591208,1.0,higher_in_Non-severe-COVID-19,0.8066506932463289,0.6487937907649539,-0.015833976152146656,1.0,True
severe_vs_nonsevere,3,RGDAVCTESGWRPLPSCEEKS,"R.[304.207]GDAV(C,57.021)TESG(W,31.997)RPLPS(C,57.021)EE(K,304.207).S",True,"R.[304.207]GDAV(C,57.021)TESG(W,31.997)RPLPS(C,57.021)EE(K,304.207).S",predominant_same_sequence_variant,7,higher_in_Severe-COVID-19,0.0015378498499383244,0.0011065860751634238,0.346722118979855,1.0,higher_in_Severe-COVID-19,0.0015378498499383244,0.0011065860751634238,0.346722118979855,1.0,True
severe_vs_nonsevere,4,KTCVADESAENCDKS,"K.[304.207](T,-13.036)(C,57.021)VADESAEN(C,57.021)D(K,304.207).S",True,"K.[304.207]T(C,57.021)VADESAE(N,0.984)(C,57.021)D(K,304.207).S",predominant_same_sequence_variant,135,higher_in_Non-severe-COVID-19,0.00010305467250951325,0.00023283587814183155,-0.5257081222061784,1.0,higher_in_Non-severe-COVID-19,0.8119982471636559,0.8922951180849769,-0.015205944607969923,1.0,True
severe_vs_nonsevere,5,KVDNALQSGNSQESVTEQDSKD,"K.[304.207](V,290.171)DNALQSGNSQESVTEQDS(K,304.207).D",True,"K.[304.207]VDNALQSG(N,0.984)SQESVTEQDS(K,304.207).D",predominant_same_sequence_variant,154,higher_in_Non-severe-COVID-19,4.6161606723843164e-05,0.00012911249471261603,-0.373413812811609,1.0,higher_in_Non-severe-COVID-19,0.9325659338827422,0.7211177653679345,-0.005252938649581179,1.0,True
severe_vs_nonsevere,6,RFKDLGEENFKA,"R.[304.207](F,-13.032)(K,304.207)DLGEENF(K,304.207).A",True,"R.[304.207]F(K,304.207)DLGEE(N,0.984)F(K,304.207).A",predominant_same_sequence_variant,43,higher_in_Non-severe-COVID-19,1.8568285277927592e-05,6.321587792507137e-05,-0.5873264441011786,1.0,higher_in_Non-severe-COVID-19,0.7549105697483759,0.8535135775742164,-0.02282674096444337,1.0,True
severe_vs_nonsevere,7,NECFLQHKDDNPNLPRL,"N.[186.070]E(C,57.021)FLQH(K,304.207)DDNPNLPR.L",True,"N.[304.207]E(C,57.021)FL(Q,-17.088)H(K,304.207)DDNPNLPR.L",predominant_same_sequence_variant,11,higher_in_Non-severe-COVID-19,0.0010465069989326432,0.00034102290002384274,-0.25295987616088644,1.0,higher_in_Severe-COVID-19,0.7594693859651466,0.8922951180849769,0.019719105766708045,1.0,False
severe_vs_nonsevere,8,RGPGGAWAAEVISNARE,R.[304.207]GPGGAWAAEVISNAR.E,True,R.[304.207]GPGGAWAAEVISNAR.E,predominant_same_sequence_variant,1,higher_in_Severe-COVID-19,0.0013279781171781045,0.0007117410518086113,0.23861234566016057,1.0,higher_in_Severe-COVID-19,0.0013279781171781045,0.0007117410518086113,0.23861234566016057,1.0,True
severe_vs_nonsevere,9,RSGKDPNHFRPAGLPEKY,"R.[304.207]SG(K,304.207)DPNHFRPAGLPE(K,304.207).Y",True,"R.[304.207]SG(K,304.207)DPNHFRPAGLPE(K,304.207).Y",predominant_same_sequence_variant,1,higher_in_Severe-COVID-19,0.0005444574367489609,0.0006443804989581627,0.4897780178781499,0.8837209302325582,higher_in_Severe-COVID-19,0.0005444574367489609,0.0006443804989581627,0.4897780178781499,0.8837209302325582,True
severe_vs_nonsevere,10,KDLLLPQPDLRY,K.[304.207]DLLLPQPDLR.Y,True,K.[304.207]DLLLPQPDLR.Y,predominant_same_sequence_variant,3,higher_in_Severe-COVID-19,0.010511692181384362,0.009397884648516174,0.17033382512104756,1.0,higher_in_Severe-COVID-19,0.010511692181384362,0.009397884648516174,0.17033382512104756,1.0,True
symptomatic_non_covid_vs_covid,1,KCCTESLVNRR,"K.[304.207](C,85.056)(C,57.021)TESLVNR.R",True,"K.[304.207](C,57.021)(C,57.021)TESLVNR.R",predominant_same_sequence_variant,112,higher_in_Symptomatic-non-COVID-19,2.5574817062217766e-05,2.8591422195247024e-06,-0.9877595605872911,1.0,higher_in_COVID-19,0.4406352484724567,0.42295024628284894,0.03097557819118235,1.0,False
symptomatic_non_covid_vs_covid,2,KQTALVELVKH,"K.[304.207]QTALVELV(K,229.166).H",True,"K.[304.207]QTALVELV(K,347.198).H",predominant_same_sequence_variant,87,higher_in_Symptomatic-non-COVID-19,4.7958684283491114e-05,5.772734318543743e-07,-0.6015586677740166,1.0,higher_in_COVID-19,0.033237855599421134,0.11185565642839898,0.24419082019484356,1.0,False
symptomatic_non_covid_vs_covid,3,KAEFAEVSKL,"K.[229.166]AEFAEVS(K,304.207).L",True,"K.{31.009}[304.207]AEFAEVS(K,304.207).L",predominant_same_sequence_variant,67,higher_in_Symptomatic-non-COVID-19,0.00018160510809121363,1.6190952733451386e-05,-0.389406019486808,1.0,higher_in_Symptomatic-non-COVID-19,0.9830087633821172,1.0,-0.0008144814128380196,1.0,True
symptomatic_non_covid_vs_covid,4,RILGGHLDAKG,"R.{291.173}[304.207]ILGGHLDA(K,304.207).G",True,"R.[304.207]ILGGHLDA(K,304.207).G",predominant_same_sequence_variant,19,higher_in_COVID-19,8.89889506260645e-14,5.855219820494285e-10,0.7348651831800326,1.0,higher_in_COVID-19,0.32902244088541205,0.09566899423034249,0.05911091436347779,1.0,True
symptomatic_non_covid_vs_covid,5,KSLHTLFGDKLCTVAT,"K.[304.207]SLHTLFGD(K,332.213)L(C,57.021)TVA.T",True,"K.[304.207]SLHTLFGD(K,330.707)L(C,57.021)TVA.T",predominant_same_sequence_variant,6,higher_in_Symptomatic-non-COVID-19,7.730141265723209e-06,9.671794491894012e-09,-0.0831029943244624,1.0,higher_in_Symptomatic-non-COVID-19,0.7290991296680448,1.5253906104748897e-06,-0.00863960930161644,1.0,True
symptomatic_non_covid_vs_covid,6,KLVDKFLEDVKK,"K.[304.207]LVD(K,304.207)FLED(V,272.169)(K,304.207).K",True,"K.[304.207]LVD(K,304.207)FLED(V,276.182)(K,304.207).K",predominant_same_sequence_variant,11,higher_in_Symptomatic-non-COVID-19,0.0019210470519245915,0.0010959327600428934,-0.10940343372576578,0.7647058823529411,higher_in_COVID-19,0.26669051025343227,0.26847745229012676,0.26621790482047203,1.0,False
symptomatic_non_covid_vs_covid,7,RFKDLGEENFKA,"R.[304.207](F,-57.06)(K,304.207)DLGEENF(K,304.207).A",True,"R.[304.207]F(K,304.207)DLGEE(N,0.984)F(K,304.207).A",predominant_same_sequence_variant,43,higher_in_COVID-19,4.967831732822627e-08,2.8585192663004668e-06,1.9193388706021977,0.9705882352941176,higher_in_COVID-19,0.7057267589413858,0.8387378681867755,0.022094807436796787,1.0,True
symptomatic_non_covid_vs_covid,8,KAEFAEVSKL,"K.[304.207]AEFAEV(S,31.006)(K,304.207).L",True,"K.{31.009}[304.207]AEFAEVS(K,304.207).L",predominant_same_sequence_variant,67,higher_in_Symptomatic-non-COVID-19,0.005421940642870287,0.010317941513556587,-0.30262978847378186,0.8823529411764706,higher_in_Symptomatic-non-COVID-19,0.9830087633821172,1.0,-0.0008144814128380196,1.0,True
symptomatic_non_covid_vs_covid,9,KCCAAADPHEC,"K.[304.207](C,57.021)(C,57.021)AAADPHE.C",True,"K.[304.207](C,57.021)(C,57.021)AAADPHE.C",predominant_same_sequence_variant,3,higher_in_Symptomatic-non-COVID-19,0.005592574827260546,0.0010323123305866395,-0.10572781772312946,1.0,higher_in_Symptomatic-non-COVID-19,0.005592574827260546,0.0010323123305866395,-0.10572781772312946,1.0,True
symptomatic_non_covid_vs_covid,10,KGTVNLTWSRAS,"K.[304.207]GTV(N,49.023)LTWSRA.S",True,"K.[304.207]GTV(N,49.023)LTWSRA.S",predominant_same_sequence_variant,1,higher_in_Symptomatic-non-COVID-19,0.17098722905737432,0.4162188744693741,-0.1149420822707988,0.6470588235294117,higher_in_Symptomatic-non-COVID-19,0.17098722905737432,0.4162188744693741,-0.1149420822707988,0.6470588235294117,True
