task,rank,peptide_variant,coefficient
healthy_vs_infected,1,"K.[304.207]SLHTLFGD(K,332.213)L(C,57.021)TVA.T",0.44
healthy_vs_infected,2,"K.[304.207](C,57.021)(C,57.021)AAADPHE.C",0.4
healthy_vs_infected,3,"D.[304.207](K,203.075)SLHTLFGD(K,304.207).L",0.4
healthy_vs_infected,4,"K.[304.207]L(K,331.18)E(C,57.021)(C,57.021)E(K,304.207)PLLE(K,304.207).S",0.29
healthy_vs_infected,5,"K.[304.207]ADSVVDLLSYNV(Q,303.212)GSGETTYDH(K,304.207).N",0.26
healthy_vs_infected,6,"S.[304.207]IGYADSV(K,304.207).G",0.26
healthy_vs_infected,7,"R.[304.207]TLADLTLLDSPI(K,304.207).V",0.24
healthy_vs_infected,8,"K.[304.207](K,376.233)VPQVSTPTLVEVSR.N",0.22
healthy_vs_infected,9,"S.[236.123]LHTLFGD(K,304.207).L",0.2
healthy_vs_infected,10,"F.[304.207](K,291.14)DLGEENF(K,304.207).A",0.19
severe_vs_nonsevere,1,"R.[304.207]EANYIG(S,304.212)D(K,304.207)YFHAR.G",0.14
severe_vs_nonsevere,2,"R.{290.173}[304.207]EGT(C,57.021)PEAPTDE(C,57.021)(K,304.207)PV(K,304.207).W",0.12
severe_vs_nonsevere,3,"R.[304.207]GDAV(C,57.021)TESG(W,31.997)RPLPS(C,57.021)EE(K,304.207).S",0.09
severe_vs_nonsevere,4,"K.[304.207](T,-13.036)(C,57.021)VADESAEN(C,57.021)D(K,304.207).S",0.07
severe_vs_nonsevere,5,"K.[304.207](V,290.171)DNALQSGNSQESVTEQDS(K,304.207).D",0.07
severe_vs_nonsevere,6,"R.[304.207](F,-13.032)(K,304.207)DLGEENF(K,304.207).A",0.07
severe_vs_nonsevere,7,"N.[186.070]E(C,57.021)FLQH(K,304.207)DDNPNLPR.L",0.06
severe_vs_nonsevere,8,R.[304.207]GPGGAWAAEVISNAR.E,0.06
severe_vs_nonsevere,9,"R.[304.207]SG(K,304.207)DPNHFRPAGLPE(K,304.207).Y",0.05
severe_vs_nonsevere,10,K.[304.207]DLLLPQPDLR.Y,0.05
symptomatic_non_covid_vs_covid,1,"K.[304.207](C,85.056)(C,57.021)TESLVNR.R",0.69
symptomatic_non_covid_vs_covid,2,"K.[304.207]QTALVELV(K,229.166).H",0.68
symptomatic_non_covid_vs_covid,3,"K.[229.166]AEFAEVS(K,304.207).L",0.48
symptomatic_non_covid_vs_covid,4,"R.{291.173}[304.207]ILGGHLDA(K,304.207).G",0.37
symptomatic_non_covid_vs_covid,5,"K.[304.207]SLHTLFGD(K,332.213)L(C,57.021)TVA.T",0.36
symptomatic_non_covid_vs_covid,6,"K.[304.207]LVD(K,304.207)FLED(V,272.169)(K,304.207).K",0.3
symptomatic_non_covid_vs_covid,7,"R.[304.207](F,-57.06)(K,304.207)DLGEENF(K,304.207).A",0.24
symptomatic_non_covid_vs_covid,8,"K.[304.207]AEFAEV(S,31.006)(K,304.207).L",0.24
symptomatic_non_covid_vs_covid,9,"K.[304.207](C,57.021)(C,57.021)AAADPHE.C",0.2
symptomatic_non_covid_vs_covid,10,"K.[304.207]GTV(N,49.023)LTWSRA.S",0.19
