task,rank,peptide_variant,coefficient,class0_label,class1_label,class0_n,class1_n,class0_mean_log1p,class1_mean_log1p,class0_median_log1p,class1_median_log1p,mean_diff_class1_minus_class0,direction,t_stat,t_test_p,mannwhitney_u,mannwhitney_p,class0_missing_rate,class1_missing_rate,missingness_flag,status,t_test_fdr,mannwhitney_fdr,DA_call,protein,mapping_type,maps_uniquely_to_protein,Top_canonical_protein,Top_protein,Proteins
healthy_vs_infected,1,"K.[304.207]SLHTLFGD(K,332.213)L(C,57.021)TVA.T",0.44,Healthy,Infected,22,68,0.3121429479448203,0.049857529800663415,0.29943227606248096,0.016281631077802956,-0.26228541814415685,higher_in_Healthy,9.130116296914268,2.3486445413897716e-09,1436.0,1.0842528975916506e-10,0.0,0.0,acceptable,ok,5.871611353474429e-09,1.0842528975916506e-09,strong_DA_FDR,sp|P02768|ALBU_HUMAN,multiple_or_ambiguous,False,sp|P02768|ALBU_HUMAN,sp|P02768|ALBU_HUMAN,sp|P02768-3|ALBU_HUMAN; sp|P02768|ALBU_HUMAN; tr|A0A087WWT3|A0A087WWT3_HUMAN; tr|A0A0C4DGB6|A0A0C4DGB6_HUMAN; tr|H7C013|H7C013_HUMAN
healthy_vs_infected,2,"K.[304.207](C,57.021)(C,57.021)AAADPHE.C",0.4,Healthy,Infected,22,68,0.6610645591085597,0.148631487332573,0.43615026086857966,0.10169095640539785,-0.5124330717759866,higher_in_Healthy,4.199346541472791,0.0003783922066857004,1220.0,9.565974031808327e-06,0.045454545454545456,0.0,acceptable,ok,0.0004204357852063338,9.565974031808327e-06,strong_DA_FDR,sp|P02768|ALBU_HUMAN,multiple_or_ambiguous,False,sp|P02768|ALBU_HUMAN,sp|P02768|ALBU_HUMAN,sp|P02768-2|ALBU_HUMAN; sp|P02768-3|ALBU_HUMAN; sp|P02768|ALBU_HUMAN; tr|A0A087WWT3|A0A087WWT3_HUMAN; tr|A0A0C4DGB6|A0A0C4DGB6_HUMAN; tr|B7WNR0|B7WNR0_HUMAN; tr|C9JKR2|C9JKR2_HUMAN; tr|D6RHD5|D6RHD5_HUMAN; tr|H0YA55|H0YA55_HUMAN
healthy_vs_infected,3,"D.[304.207](K,203.075)SLHTLFGD(K,304.207).L",0.4,Healthy,Infected,22,68,0.05587731736753548,0.010759506782036457,0.029656256286990874,0.007425698126434122,-0.04511781058549902,higher_in_Healthy,4.417697871971059,0.00022430129044662795,1339.0,2.9562135658509202e-08,0.0,0.0,acceptable,ok,0.0002803766130582849,7.3905339146273e-08,strong_DA_FDR,sp|P02768|ALBU_HUMAN,multiple_or_ambiguous,False,sp|P02768|ALBU_HUMAN,sp|P02768|ALBU_HUMAN,sp|P02768-3|ALBU_HUMAN; sp|P02768|ALBU_HUMAN; tr|A0A087WWT3|A0A087WWT3_HUMAN; tr|A0A0C4DGB6|A0A0C4DGB6_HUMAN; tr|H7C013|H7C013_HUMAN
healthy_vs_infected,4,"K.[304.207]L(K,331.18)E(C,57.021)(C,57.021)E(K,304.207)PLLE(K,304.207).S",0.29,Healthy,Infected,22,68,0.13302981303492964,0.025815816124549917,0.10084061501123483,0.01935801488759871,-0.10721399691037972,higher_in_Healthy,4.146649350358716,0.00044101046939837166,1371.0,5.082513070308845e-09,0.0,0.0,acceptable,ok,0.00044101046939837166,1.6941710234362817e-08,strong_DA_FDR,sp|P02768|ALBU_HUMAN,multiple_or_ambiguous,False,sp|P02768|ALBU_HUMAN,sp|P02768|ALBU_HUMAN,sp|P02768-2|ALBU_HUMAN; sp|P02768|ALBU_HUMAN; tr|A0A0C4DGB6|A0A0C4DGB6_HUMAN; tr|B7WNR0|B7WNR0_HUMAN; tr|C9JKR2|C9JKR2_HUMAN; tr|D6RHD5|D6RHD5_HUMAN; tr|H0YA55|H0YA55_HUMAN
healthy_vs_infected,5,"K.[304.207]ADSVVDLLSYNV(Q,303.212)GSGETTYDH(K,304.207).N",0.26,Healthy,Infected,22,68,0.11108042634853676,0.3693971465706266,0.08332993947225321,0.29327168444368135,0.25831672022208985,higher_in_Infected,-7.420131931106809,6.984882136778975e-11,182.0,1.1005095226925532e-07,0.0,0.0,acceptable,ok,2.3282940455929918e-10,1.5721564609893618e-07,strong_DA_FDR,sp|P04114|APOB_HUMAN,unique,True,sp|P04114|APOB_HUMAN,sp|P04114|APOB_HUMAN,sp|P04114|APOB_HUMAN
healthy_vs_infected,6,"S.[304.207]IGYADSV(K,304.207).G",0.26,Healthy,Infected,22,68,0.4636051522691714,0.14645089143750412,0.4352703679418489,0.09004649432660114,-0.3171542608316673,higher_in_Healthy,5.174548780300236,2.279782492039657e-05,1269.0,1.0248636193868346e-06,0.0,0.0,acceptable,ok,3.2568321314852245e-05,1.1387373548742606e-06,strong_DA_FDR,sp|P01782|HV309_HUMAN,unique,True,sp|P01782|HV309_HUMAN,sp|P01782|HV309_HUMAN,sp|P01782|HV309_HUMAN
healthy_vs_infected,7,"R.[304.207]TLADLTLLDSPI(K,304.207).V",0.24,Healthy,Infected,22,68,0.08564543634713347,0.3638710732846071,0.07855662401247378,0.3388817849755209,0.27822563693747365,higher_in_Infected,-8.240173633721378,2.150112669748519e-12,215.0,5.748888602481507e-07,0.0,0.0,acceptable,ok,1.0750563348742594e-11,7.186110753101884e-07,strong_DA_FDR,sp|P04114|APOB_HUMAN,unique,True,sp|P04114|APOB_HUMAN,sp|P04114|APOB_HUMAN,sp|P04114|APOB_HUMAN
healthy_vs_infected,8,"K.[304.207](K,376.233)VPQVSTPTLVEVSR.N",0.22,Healthy,Infected,22,68,0.06894831879566335,0.4071225211418518,0.06150673472947461,0.3415481734415889,0.33817420234618845,higher_in_Infected,-8.922063222826235,1.3768356625073493e-13,111.0,2.288384713865805e-09,0.0,0.0,acceptable,ok,1.3768356625073492e-12,1.1441923569329024e-08,strong_DA_FDR,sp|P02768|ALBU_HUMAN,multiple_or_ambiguous,False,sp|P02768|ALBU_HUMAN,sp|P02768|ALBU_HUMAN,sp|P02768-2|ALBU_HUMAN; sp|P02768-3|ALBU_HUMAN; sp|P02768|ALBU_HUMAN; tr|A0A087WWT3|A0A087WWT3_HUMAN; tr|A0A0C4DGB6|A0A0C4DGB6_HUMAN; tr|B7WNR0|B7WNR0_HUMAN; tr|C9JKR2|C9JKR2_HUMAN; tr|D6RHD5|D6RHD5_HUMAN; tr|H0YA55|H0YA55_HUMAN
healthy_vs_infected,9,"S.[236.123]LHTLFGD(K,304.207).L",0.2,Healthy,Infected,22,68,1.3852767412536,2.9820793559965573,1.0772278444822803,3.1507171321744645,1.5968026147429573,higher_in_Infected,-7.009668387608398,4.20700615567459e-08,171.0,6.21269203608113e-08,0.045454545454545456,0.0,acceptable,ok,7.011676926124316e-08,1.1497703818435923e-07,strong_DA_FDR,sp|P02768|ALBU_HUMAN,multiple_or_ambiguous,False,sp|P02768|ALBU_HUMAN,sp|P02768|ALBU_HUMAN,sp|P02768-3|ALBU_HUMAN; sp|P02768|ALBU_HUMAN; tr|A0A087WWT3|A0A087WWT3_HUMAN; tr|A0A0C4DGB6|A0A0C4DGB6_HUMAN; tr|H7C013|H7C013_HUMAN
healthy_vs_infected,10,"F.[304.207](K,291.14)DLGEENF(K,304.207).A",0.19,Healthy,Infected,22,68,1.5998266736802222,0.6158874238307532,1.550966003799121,0.4921253628737627,-0.983939249849469,higher_in_Healthy,7.026035797489001,2.611634073401091e-08,1323.0,6.898622291061553e-08,0.0,0.0,acceptable,ok,5.223268146802182e-08,1.1497703818435923e-07,strong_DA_FDR,sp|P02768|ALBU_HUMAN,multiple_or_ambiguous,False,sp|P02768|ALBU_HUMAN,sp|P02768|ALBU_HUMAN,sp|P02768-2|ALBU_HUMAN; sp|P02768-3|ALBU_HUMAN; sp|P02768|ALBU_HUMAN; tr|A0A087WWT3|A0A087WWT3_HUMAN; tr|A0A0C4DGB6|A0A0C4DGB6_HUMAN; tr|B7WNR0|B7WNR0_HUMAN; tr|C9JKR2|C9JKR2_HUMAN; tr|H7C013|H7C013_HUMAN
symptomatic_non_covid_vs_covid,1,"K.[304.207](C,85.056)(C,57.021)TESLVNR.R",0.69,Symptomatic-non-COVID-19,COVID-19,25,43,1.5933150123835116,0.6055554517962205,1.4713978046635812,0.5350430202959724,-0.9877595605872911,higher_in_Symptomatic-non-COVID-19,5.134278874666505,2.5574817062217766e-05,906.0,2.8591422195247024e-06,0.0,0.0,acceptable,ok,6.393704265554442e-05,5.718284439049405e-06,strong_DA_FDR,sp|P02768|ALBU_HUMAN,multiple_or_ambiguous,False,sp|P02768|ALBU_HUMAN,sp|P02768|ALBU_HUMAN,sp|P02768-2|ALBU_HUMAN; sp|P02768-3|ALBU_HUMAN; sp|P02768|ALBU_HUMAN; tr|A0A087WWT3|A0A087WWT3_HUMAN; tr|A0A0C4DGB6|A0A0C4DGB6_HUMAN; tr|B7WNR0|B7WNR0_HUMAN; tr|C9JKR2|C9JKR2_HUMAN; tr|D6RHD5|D6RHD5_HUMAN; tr|H0YA55|H0YA55_HUMAN
symptomatic_non_covid_vs_covid,2,"K.[304.207]QTALVELV(K,229.166).H",0.68,Symptomatic-non-COVID-19,COVID-19,25,43,0.9785433388106054,0.3769846710365888,0.7211162218251589,0.3171855066450093,-0.6015586677740166,higher_in_Symptomatic-non-COVID-19,4.8130734039625205,4.7958684283491114e-05,931.0,5.772734318543743e-07,0.0,0.0,acceptable,ok,9.591736856698223e-05,1.9242447728479146e-06,strong_DA_FDR,sp|P02768|ALBU_HUMAN,multiple_or_ambiguous,False,sp|P02768|ALBU_HUMAN,sp|P02768|ALBU_HUMAN,sp|P02768-2|ALBU_HUMAN; sp|P02768-3|ALBU_HUMAN; sp|P02768|ALBU_HUMAN; tr|A0A087WWT3|A0A087WWT3_HUMAN; tr|A0A0C4DGB6|A0A0C4DGB6_HUMAN; tr|B7WNR0|B7WNR0_HUMAN; tr|C9JKR2|C9JKR2_HUMAN; tr|D6RHD5|D6RHD5_HUMAN; tr|H0YA55|H0YA55_HUMAN
symptomatic_non_covid_vs_covid,3,"K.[229.166]AEFAEVS(K,304.207).L",0.48,Symptomatic-non-COVID-19,COVID-19,25,43,0.6701895030216045,0.28078348353479654,0.5359570302765202,0.16614996215740907,-0.389406019486808,higher_in_Symptomatic-non-COVID-19,4.1936004759942795,0.00018160510809121363,877.0,1.6190952733451386e-05,0.0,0.0,acceptable,ok,0.0003026751801520227,2.6984921222418977e-05,strong_DA_FDR,sp|P02768|ALBU_HUMAN,multiple_or_ambiguous,False,sp|P02768|ALBU_HUMAN,sp|P02768|ALBU_HUMAN,sp|P02768-2|ALBU_HUMAN; sp|P02768|ALBU_HUMAN; tr|A0A0C4DGB6|A0A0C4DGB6_HUMAN; tr|B7WNR0|B7WNR0_HUMAN; tr|C9JKR2|C9JKR2_HUMAN; tr|D6RHD5|D6RHD5_HUMAN; tr|H0YA55|H0YA55_HUMAN
symptomatic_non_covid_vs_covid,4,"R.{291.173}[304.207]ILGGHLDA(K,304.207).G",0.37,Symptomatic-non-COVID-19,COVID-19,25,43,0.32312529659281714,1.0579904797728497,0.31445821668184876,1.05442970088634,0.7348651831800326,higher_in_COVID-19,-9.921494982699079,8.89889506260645e-14,50.0,5.855219820494285e-10,0.0,0.0,acceptable,ok,8.898895062606449e-13,5.855219820494285e-09,strong_DA_FDR,sp|P00738|HPT_HUMAN,multiple_or_ambiguous,False,sp|P00738|HPT_HUMAN,sp|P00738|HPT_HUMAN,sp|P00738-2|HPT_HUMAN; sp|P00738|HPT_HUMAN; sp|P00739-2|HPTR_HUMAN; sp|P00739|HPTR_HUMAN; tr|A0A087WU08|A0A087WU08_HUMAN; tr|A0A0A0MRD9|A0A0A0MRD9_HUMAN; tr|A0A0C4DGL8|A0A0C4DGL8_HUMAN; tr|H0Y300|H0Y300_HUMAN; tr|J3QR68|J3QR68_HUMAN
symptomatic_non_covid_vs_covid,5,"K.[304.207]SLHTLFGD(K,332.213)L(C,57.021)TVA.T",0.36,Symptomatic-non-COVID-19,COVID-19,25,43,0.10240795268230876,0.019304958357846357,0.0898153853225103,0.011444224900856236,-0.0831029943244624,higher_in_Symptomatic-non-COVID-19,5.398228180611402,7.730141265723209e-06,989.0,9.671794491894012e-09,0.0,0.0,acceptable,ok,2.5767137552410697e-05,4.835897245947006e-08,strong_DA_FDR,sp|P02768|ALBU_HUMAN,multiple_or_ambiguous,False,sp|P02768|ALBU_HUMAN,sp|P02768|ALBU_HUMAN,sp|P02768-3|ALBU_HUMAN; sp|P02768|ALBU_HUMAN; tr|A0A087WWT3|A0A087WWT3_HUMAN; tr|A0A0C4DGB6|A0A0C4DGB6_HUMAN; tr|H7C013|H7C013_HUMAN
symptomatic_non_covid_vs_covid,6,"K.[304.207]LVD(K,304.207)FLED(V,272.169)(K,304.207).K",0.3,Symptomatic-non-COVID-19,COVID-19,25,43,0.1807257571283262,0.07132232340256042,0.16154219300650374,0.06641497480221781,-0.10940343372576578,higher_in_Symptomatic-non-COVID-19,3.4045044560598057,0.0019210470519245915,793.0,0.0010959327600428934,0.24,0.23255813953488372,acceptable,ok,0.0027443529313208453,0.0013699159500536167,strong_DA_FDR,sp|P01009|A1AT_HUMAN,multiple_or_ambiguous,False,sp|P01009|A1AT_HUMAN,sp|P01009|A1AT_HUMAN,sp|P01009-2|A1AT_HUMAN; sp|P01009-3|A1AT_HUMAN; sp|P01009|A1AT_HUMAN; tr|A0A024R6I7|A0A024R6I7_HUMAN; tr|A0A0G2JRN3|A0A0G2JRN3_HUMAN; tr|G3V2B9|G3V2B9_HUMAN
symptomatic_non_covid_vs_covid,7,"R.[304.207](F,-57.06)(K,304.207)DLGEENF(K,304.207).A",0.24,Symptomatic-non-COVID-19,COVID-19,25,43,0.7918674168131371,2.711206287415335,0.612931986358838,2.537837570876841,1.9193388706021977,higher_in_COVID-19,-6.351579482856247,4.967831732822627e-08,169.0,2.8585192663004668e-06,0.0,0.046511627906976744,acceptable,ok,2.483915866411313e-07,5.718284439049405e-06,strong_DA_FDR,sp|P02768|ALBU_HUMAN,multiple_or_ambiguous,False,sp|P02768|ALBU_HUMAN,sp|P02768|ALBU_HUMAN,sp|P02768-2|ALBU_HUMAN; sp|P02768-3|ALBU_HUMAN; sp|P02768|ALBU_HUMAN; tr|A0A087WWT3|A0A087WWT3_HUMAN; tr|A0A0C4DGB6|A0A0C4DGB6_HUMAN; tr|B7WNR0|B7WNR0_HUMAN; tr|C9JKR2|C9JKR2_HUMAN; tr|H7C013|H7C013_HUMAN
symptomatic_non_covid_vs_covid,8,"K.[304.207]AEFAEV(S,31.006)(K,304.207).L",0.24,Symptomatic-non-COVID-19,COVID-19,25,43,0.4463895961250632,0.14375980765128135,0.25496196543508676,0.12683067516404029,-0.30262978847378186,higher_in_Symptomatic-non-COVID-19,3.041714722499897,0.005421940642870287,739.5,0.010317941513556587,0.12,0.11627906976744186,acceptable,ok,0.006213972030289496,0.011464379459507318,strong_DA_FDR,sp|P02768|ALBU_HUMAN,multiple_or_ambiguous,False,sp|P02768|ALBU_HUMAN,sp|P02768|ALBU_HUMAN,sp|P02768-2|ALBU_HUMAN; sp|P02768|ALBU_HUMAN; tr|A0A0C4DGB6|A0A0C4DGB6_HUMAN; tr|B7WNR0|B7WNR0_HUMAN; tr|C9JKR2|C9JKR2_HUMAN; tr|D6RHD5|D6RHD5_HUMAN; tr|H0YA55|H0YA55_HUMAN
symptomatic_non_covid_vs_covid,9,"K.[304.207](C,57.021)(C,57.021)AAADPHE.C",0.2,Symptomatic-non-COVID-19,COVID-19,25,43,0.21548878383396372,0.10976096611083426,0.14116473888111675,0.08731752066055695,-0.10572781772312946,higher_in_Symptomatic-non-COVID-19,2.9622018989279297,0.005592574827260546,796.0,0.0010323123305866395,0.0,0.0,acceptable,ok,0.006213972030289496,0.0013699159500536167,strong_DA_FDR,sp|P02768|ALBU_HUMAN,multiple_or_ambiguous,False,sp|P02768|ALBU_HUMAN,sp|P02768|ALBU_HUMAN,sp|P02768-2|ALBU_HUMAN; sp|P02768-3|ALBU_HUMAN; sp|P02768|ALBU_HUMAN; tr|A0A087WWT3|A0A087WWT3_HUMAN; tr|A0A0C4DGB6|A0A0C4DGB6_HUMAN; tr|B7WNR0|B7WNR0_HUMAN; tr|C9JKR2|C9JKR2_HUMAN; tr|D6RHD5|D6RHD5_HUMAN; tr|H0YA55|H0YA55_HUMAN
symptomatic_non_covid_vs_covid,10,"K.[304.207]GTV(N,49.023)LTWSRA.S",0.19,Symptomatic-non-COVID-19,COVID-19,25,43,0.32829786028035557,0.21335577800955677,0.2845301889996859,0.21646399860561064,-0.1149420822707988,higher_in_Symptomatic-non-COVID-19,1.4012677910287556,0.17098722905737432,600.5,0.4162188744693741,0.36,0.3488372093023256,acceptable,ok,0.17098722905737432,0.4162188744693741,not_DA,sp|P01854|IGHE_HUMAN; tr|A0A286YES5|A0A286YES5_HUMAN,multiple_or_ambiguous,False,,,sp|P01854|IGHE_HUMAN; tr|A0A286YES5|A0A286YES5_HUMAN
severe_vs_nonsevere,1,"R.[304.207]EANYIG(S,304.212)D(K,304.207)YFHAR.G",0.14,Non-severe-COVID-19,Severe-COVID-19,25,18,0.2470757721940206,1.105865423529256,0.11885523493413627,1.2431113131524767,0.8587896513352353,higher_in_Severe-COVID-19,-4.691868714859414,0.00012709118603616067,61.0,5.6953104450898914e-05,0.0,0.0,acceptable,ok,0.00025418237207232134,0.00021071959308357124,strong_DA_FDR,sp|P0DJI8|SAA1_HUMAN,multiple_or_ambiguous,False,sp|P0DJI8|SAA1_HUMAN,sp|P0DJI8|SAA1_HUMAN,sp|P0DJI8|SAA1_HUMAN; sp|P0DJI9-2|SAA2_HUMAN; sp|P0DJI9|SAA2_HUMAN; tr|A0A096LPE2|A0A096LPE2_HUMAN; tr|A0A3B3ISW8|A0A3B3ISW8_HUMAN; tr|E9PQD6|E9PQD6_HUMAN; tr|E9PR14|E9PR14_HUMAN; tr|G3V1D9|G3V1D9_HUMAN
severe_vs_nonsevere,2,"R.{290.173}[304.207]EGT(C,57.021)PEAPTDE(C,57.021)(K,304.207)PV(K,304.207).W",0.12,Non-severe-COVID-19,Severe-COVID-19,25,18,1.0707715176293444,0.5413365566702236,1.0177890730380248,0.5343688269791977,-0.5294349609591208,higher_in_Non-severe-COVID-19,5.464487974999497,2.5296354054479135e-06,392.0,4.150346804191123e-05,0.0,0.0,acceptable,ok,2.5296354054479135e-05,0.00021071959308357124,strong_DA_FDR,sp|P02787|TRFE_HUMAN,unique,True,sp|P02787|TRFE_HUMAN,sp|P02787|TRFE_HUMAN,sp|P02787|TRFE_HUMAN
severe_vs_nonsevere,3,"R.[304.207]GDAV(C,57.021)TESG(W,31.997)RPLPS(C,57.021)EE(K,304.207).S",0.09,Non-severe-COVID-19,Severe-COVID-19,25,18,0.25947895011658867,0.6062010690964437,0.15597756978084132,0.595222053461614,0.346722118979855,higher_in_Severe-COVID-19,-3.5076478124941053,0.0015378498499383244,92.0,0.0011065860751634238,0.0,0.0,acceptable,ok,0.001708722055487027,0.0012295400835149154,strong_DA_FDR,sp|P08603|CFAH_HUMAN,multiple_or_ambiguous,False,sp|P08603|CFAH_HUMAN,sp|P08603|CFAH_HUMAN,sp|P08603-2|CFAH_HUMAN; sp|P08603|CFAH_HUMAN; tr|A0A0D9SG88|A0A0D9SG88_HUMAN; tr|Q5TFM2|Q5TFM2_HUMAN
severe_vs_nonsevere,4,"K.[304.207](T,-13.036)(C,57.021)VADESAEN(C,57.021)D(K,304.207).S",0.07,Non-severe-COVID-19,Severe-COVID-19,25,18,1.029771012523337,0.5040628903171587,0.9735753100817118,0.41537637345950235,-0.5257081222061784,higher_in_Non-severe-COVID-19,4.3032036468858355,0.00010305467250951325,375.0,0.00023283587814183155,0.0,0.0,acceptable,ok,0.00025418237207232134,0.0004656717562836631,strong_DA_FDR,sp|P02768|ALBU_HUMAN,multiple_or_ambiguous,False,sp|P02768|ALBU_HUMAN,sp|P02768|ALBU_HUMAN,sp|P02768-3|ALBU_HUMAN; sp|P02768|ALBU_HUMAN; tr|A0A087WWT3|A0A087WWT3_HUMAN; tr|A0A0C4DGB6|A0A0C4DGB6_HUMAN; tr|H7C013|H7C013_HUMAN
severe_vs_nonsevere,5,"K.[304.207](V,290.171)DNALQSGNSQESVTEQDS(K,304.207).D",0.07,Non-severe-COVID-19,Severe-COVID-19,25,18,0.7663602737735631,0.39294646096195407,0.7637774691941175,0.34019848550624987,-0.373413812811609,higher_in_Non-severe-COVID-19,4.5609518121761194,4.6161606723843164e-05,381.0,0.00012911249471261603,0.0,0.0,acceptable,ok,0.00015387202241281056,0.00032278123678154,strong_DA_FDR,sp|P01834|IGKC_HUMAN,multiple_or_ambiguous,False,sp|P01834|IGKC_HUMAN,sp|P01834|IGKC_HUMAN,sp|P01834|IGKC_HUMAN; tr|A0A5H1ZRQ3|A0A5H1ZRQ3_HUMAN
severe_vs_nonsevere,6,"R.[304.207](F,-13.032)(K,304.207)DLGEENF(K,304.207).A",0.07,Non-severe-COVID-19,Severe-COVID-19,25,18,1.0573847881722853,0.4700583440711067,1.0832050411701228,0.4281034359387786,-0.5873264441011786,higher_in_Non-severe-COVID-19,4.873654731057934,1.8568285277927592e-05,388.0,6.321587792507137e-05,0.0,0.0,acceptable,ok,9.284142638963795e-05,0.00021071959308357124,strong_DA_FDR,sp|P02768|ALBU_HUMAN,multiple_or_ambiguous,False,sp|P02768|ALBU_HUMAN,sp|P02768|ALBU_HUMAN,sp|P02768-2|ALBU_HUMAN; sp|P02768-3|ALBU_HUMAN; sp|P02768|ALBU_HUMAN; tr|A0A087WWT3|A0A087WWT3_HUMAN; tr|A0A0C4DGB6|A0A0C4DGB6_HUMAN; tr|B7WNR0|B7WNR0_HUMAN; tr|C9JKR2|C9JKR2_HUMAN; tr|H7C013|H7C013_HUMAN
severe_vs_nonsevere,7,"N.[186.070]E(C,57.021)FLQH(K,304.207)DDNPNLPR.L",0.06,Non-severe-COVID-19,Severe-COVID-19,25,18,0.4958335708283069,0.2428736946674205,0.40637124951001186,0.19114531972730578,-0.25295987616088644,higher_in_Non-severe-COVID-19,3.538153011866671,0.0010465069989326432,371.0,0.00034102290002384274,0.0,0.0,acceptable,ok,0.0014950099984752047,0.0005683715000397379,strong_DA_FDR,sp|P02768|ALBU_HUMAN,multiple_or_ambiguous,False,sp|P02768|ALBU_HUMAN,sp|P02768|ALBU_HUMAN,sp|P02768-3|ALBU_HUMAN; sp|P02768|ALBU_HUMAN; tr|A0A087WWT3|A0A087WWT3_HUMAN; tr|A0A0C4DGB6|A0A0C4DGB6_HUMAN; tr|H7C013|H7C013_HUMAN
severe_vs_nonsevere,8,R.[304.207]GPGGAWAAEVISNAR.E,0.06,Non-severe-COVID-19,Severe-COVID-19,25,18,0.176471810895153,0.41508415655531355,0.134360343234759,0.3984340336593316,0.23861234566016057,higher_in_Severe-COVID-19,-3.552327855123933,0.0013279781171781045,87.0,0.0007117410518086113,0.0,0.0,acceptable,ok,0.0016599726464726306,0.0008896763147607642,strong_DA_FDR,sp|P0DJI9|SAA2_HUMAN,unique,True,sp|P0DJI9|SAA2_HUMAN,sp|P0DJI9|SAA2_HUMAN,sp|P0DJI9|SAA2_HUMAN
severe_vs_nonsevere,9,"R.[304.207]SG(K,304.207)DPNHFRPAGLPE(K,304.207).Y",0.05,Non-severe-COVID-19,Severe-COVID-19,25,18,0.14517255672047816,0.634950574598628,0.08879116435722775,0.6412928349630915,0.4897780178781499,higher_in_Severe-COVID-19,-4.14690629655487,0.0005444574367489609,86.0,0.0006443804989581627,0.12,0.1111111111111111,acceptable,ok,0.0009074290612482682,0.0008896763147607642,strong_DA_FDR,sp|P0DJI8|SAA1_HUMAN,multiple_or_ambiguous,False,sp|P0DJI8|SAA1_HUMAN,sp|P0DJI8|SAA1_HUMAN,sp|P0DJI8|SAA1_HUMAN; tr|E9PQD6|E9PQD6_HUMAN
severe_vs_nonsevere,10,K.[304.207]DLLLPQPDLR.Y,0.05,Non-severe-COVID-19,Severe-COVID-19,25,18,0.3232647468290225,0.49359857195007006,0.29812587792161666,0.4473979947778707,0.17033382512104756,higher_in_Severe-COVID-19,-2.7414018516887197,0.010511692181384362,119.0,0.009397884648516174,0.0,0.0,acceptable,ok,0.010511692181384362,0.009397884648516174,strong_DA_FDR,sp|P02750|A2GL_HUMAN,unique,True,sp|P02750|A2GL_HUMAN,sp|P02750|A2GL_HUMAN,sp|P02750|A2GL_HUMAN
